{"cameraMode":{"drawMode":0,"name":"Shaded","section":"Shading Mode"},"sceneLighting":true,"audioPlay":false,"sceneViewState":{"showFog":true,"showMaterialUpdate":false,"showSkybox":true,"showFlares":true,"showImageEffects":true,"showParticleSystems":true},"in2DMode":false,"pivot":{"x":-1.983203649520874,"y":0.7521070241928101,"z":1.2678875923156739},"rotation":{"x":0.08308934420347214,"y":-0.5427317023277283,"z":0.05409954488277435,"w":0.8340646028518677},"size":1.3510386943817139,"orthographic":false}